,burst_allowance,drop_prob,current_qdelay,qdelay_old,accu_prob,measurement_start,tot_pkts,tot_bytes,length,len_bytes,drops,ecn,action,reward
0,0.5555555555555556,-0.9982955901206768,-0.9375,0.0625,0.0,0.3586866167913549,0.5041555321287602,0.27826236581253,0.0977198697068403,0.0572676821348447,0.1504424778761062,0.0,0.5481353251375495,-10.0
1,0.0,0.5489788921171048,-10.0,0.6666666666666667,0.1239930653556778,0.732793017456359,0.3558067125940817,0.4513643783498927,0.1726384364820847,0.1955661825481166,0.4845132743362831,1.0,0.22182084615079656,-5.9375
