,burst_allowance,drop_prob,current_qdelay,qdelay_old,accu_prob,measurement_start,tot_pkts,tot_bytes,length,len_bytes,drops,ecn,action,reward
0,0.0,-0.9999865294759868,-0.625,0.0416666666666666,0.0,0.7928512053200332,0.662139302262865,0.8325420810993804,0.0260586319218241,0.0295194237808477,0.3938053097345133,0.0,-0.9551059442376884,-3.125
1,0.0,-0.9549739101658574,-3.125,0.2083333333333333,0.0,0.0863674147963424,0.1712961827943808,0.1442676539110742,0.4592833876221499,0.2928917227535718,0.0088495575221238,0.0,-0.8322452533197463,-2.5
