,burst_allowance,drop_prob,current_qdelay,qdelay_old,accu_prob,measurement_start,tot_pkts,tot_bytes,length,len_bytes,drops,ecn,action,reward
0,0.7777777777777778,-0.9999364941434392,-0.625,0.0416666666666666,0.0,0.6180382377389858,0.1981171394248449,0.2497893923745071,0.019543973941368,0.0221395678356358,0.0907079646017699,0.0,-0.505769581029155,-6.5625
1,0.0,-0.5051401777824431,-6.5625,0.4375,0.4839075299523936,0.8738570241064005,0.0564367844271739,0.0716424989976495,0.3745928338762215,0.4243417168496871,0.0154867256637168,0.0,-0.3782444092900084,-6.5625
